{"orders": [{"id": 1, "name": "John Doe", "address": "123 Main St, San Francisco, CA", "fragility": true, "express": false, "location": [37.7749, -122.4194]}, {"id": 2, "name": "Jane Smith", "address": "456 Elm St, Paris, France", "fragility": false, "express": true, "location": [48.8566, 2.3522]}, {"id": 3, "name": "Alice Johnson", "address": "789 Oak St, New York, NY", "fragility": true, "express": true, "location": [40.7128, -74.006]}, {"id": 4, "name": "Bob Brown", "address": "101 Pine St, London, UK", "fragility": false, "express": false, "location": [51.5074, -0.1278]}, {"id": 5, "name": "Carol White", "address": "202 Maple St, Tokyo, Japan", "fragility": true, "express": true, "location": [35.6895, 139.6917]}], "shipping_labels": [{"label_id": "LBL3873", "name": "John Doe", "address": "123 Main St, San Francisco, CA", "fragility": true, "express": false}, {"label_id": "LBL8507", "name": "John Doe", "address": "123 Main St, San Francisco, CA", "fragility": true, "express": false}, {"label_id": "LBL7911", "name": "John Doe", "address": "123 Main St, San Francisco, CA", "fragility": true, "express": false, "order_id": 1}, {"label_id": "LBL2055", "name": "John Doe", "address": "123 Main St, San Francisco, CA", "fragility": true, "express": false, "order_id": 1}, {"label_id": "LBL4906", "name": "Jane Smith", "address": "456 Elm St, Paris, France", "fragility": false, "express": true}, {"label_id": "LBL2444", "name": "Jane Smith", "address": "456 Elm St, Paris, France", "fragility": false, "express": true, "order_id": 2}, {"label_id": "LBL5371", "name": "Jane Smith", "address": "456 Elm St, Paris, France", "fragility": false, "express": true, "order_id": 2}, {"label_id": "LBL1825", "name": "Jane Smith", "address": "456 Elm St, Paris, France", "fragility": false, "express": true, "order_id": 2}, {"label_id": "LBL2783", "name": "Alice Johnson", "address": "789 Oak St, New York, NY", "fragility": true, "express": true, "order_id": 3}, {"label_id": "LBL4856", "name": "Alice Johnson", "address": "789 Oak St, New York, NY", "fragility": true, "express": true}]}